317,244812011,112.3079833984375,,-0.005094433203339577,158.62509155273438,,0.028741635382175446,-50.03515625,,-0.03950382024049759,360.0,,0.0,-114.64862060546875,,-0.0020716427825391293,16.023279190063477,,-0.06322012096643448
317,244812011,111.66329193115234,,-0.0011434495681896806,172.60177612304688,,0.00456113601103425,-70.51809692382812,,-0.00604869844391942,360.0,,0.0,-107.91659545898438,,0.0026564663276076317,-1.3650321960449219,,-0.0002692362468224019
317,244812011,110.82575225830078,,-0.00047486956464126706,176.7730255126953,,0.002365007298067212,-75.86697387695312,,-0.0030326221603900194,360.0,,0.0,-97.25860595703125,,0.006042841821908951,-1.6038932800292969,,-0.0001358186564175412
317,244812011,111.46846771240234,,0.00045454944483935833,176.09756469726562,,-0.0006046047783456743,-72.59420776367188,,0.001332753337919712,360.0,,0.0,-101.27606201171875,,-0.001795492833480239,-0.8096733093261719,,0.0008306573145091534
317,244812011,112.01637268066406,,0.00017560456763021648,175.69638061523438,,-0.00012833332584705204,-71.7528076171875,,0.00026967201847583055,360.0,,0.0,-104.91336059570312,,-0.0011656475253403187,1.7342534065246582,,0.0008153345552273095
317,244812011,109.41023254394531,,-0.0008423308609053493,175.8684539794922,,0.0001100987137760967,-71.354736328125,,-0.00010004695650422946,360.0,,0.0,-104.93930053710938,,0.00022793796961195767,3.87333607673645,,0.00040167622501030564
317,244812011,107.58486938476562,,-0.0005794415483251214,177.11170959472656,,0.00039463702705688775,-74.2984619140625,,-0.0009346547885797918,360.0,,0.0,-103.95684814453125,,0.0003118522581644356,2.863062858581543,,-0.00032080194796435535
317,244812011,106.50987243652344,,-0.00014302607451099902,178.8607177734375,,0.00019954708113800734,-76.75888061523438,,-0.0001877562317531556,360.0,,0.0,-103.33840942382812,,9.407872857991606e-05,2.030686855316162,,1.4648232138370076e-07
317,244812011,106.0005111694336,,-0.0005095961387269199,105.76787567138672,,-0.07320322096347809,78.256591796875,,0.1552513837814331,336.448974609375,,-0.02358677051961422,-103.6990966796875,,-0.0003607450344134122,2.134899616241455,,0.00010437149467179552
317,244812011,106.3442153930664,,8.701089973328635e-05,106.60894775390625,,0.0002402336394879967,77.13987731933594,,-0.0003242494130972773,334.4160461425781,,-0.0005645754863508046,-105.99786376953125,,-0.0004867555689997971,2.6452465057373047,,0.00012414461525622755
317,244812011,106.72074127197266,,0.0002468456805218011,107.36884307861328,,0.0004981736419722438,76.2065658569336,,-0.0006121282349340618,332.90374755859375,,-0.0009915559785440564,-107.14984130859375,,-0.0007554166950285435,2.936392068862915,,0.00019087042892351747
317,244812011,106.73677062988281,,-2.9886758056818508e-05,107.85403442382812,,5.7825713156489655e-05,75.59642791748047,,-0.000162017677212134,331.4965515136719,,-0.0003570681146811694,-107.42120361328125,,-6.921144085936248e-05,2.698657512664795,,-9.909819345921278e-05
317,244812011,105.6557846069336,,-0.0006813945365138352,107.72439575195312,,-8.15909297671169e-05,74.58561706542969,,-0.0006372913485392928,329.7741394042969,,-0.0010860414477065206,-110.23138427734375,,-0.0017718463204801083,2.111297369003296,,-0.00037046693614684045
317,244812011,102.63875579833984,,-0.001146708382293582,107.44866180419922,,1.3127540114510339e-05,71.96166229248047,,-0.0011353548616170883,326.7923889160156,,-0.0015878748381510377,-114.4635009765625,,-0.0019333470845595002,3.9727132320404053,,0.0017017396166920662
317,244812011,97.67864227294922,,-0.002164460252970457,107.58753967285156,,6.059708903194405e-05,67.7067642211914,,-0.0018562325276434422,321.9281921386719,,-0.002122498583048582,-128.61544799804688,,-0.0061752344481647015,9.012868881225586,,0.0021991839166730642
317,244812011,92.81886291503906,,-0.0026177254039794207,105.2563247680664,,-0.0014773732982575893,72.63220977783203,,0.0033685441594570875,321.6682434082031,,-0.0009950842941179872,-128.9525146484375,,0.002735653193667531,2.5724120140075684,,-0.003981790039688349
317,244812011,86.97986602783203,,-0.00467155035585165,100.27498626708984,,-0.003985998220741749,81.54435729980469,,0.007131062913686037,323.65374755859375,,0.0015886848559603095,-118.32473754882812,,0.008503823541104794,-5.311018466949463,,-0.006308482028543949
317,244812011,83.0876235961914,,-0.00037765520391985774,100.00944519042969,,0.0004000367480330169,88.06258392333984,,0.0006702336249873042,321.47686767578125,,-0.0007904056110419333,-112.35250854492188,,0.00041966160642914474,2.6135427951812744,,0.0013702638680115342
317,244812011,84.35729217529297,,0.0008089703624136746,102.49266052246094,,0.001582185854203999,86.87650299072266,,-0.0007553465547971427,317.8282470703125,,-0.002325085923075676,-113.06686401367188,,-0.00045565894106402993,2.511016368865967,,-6.573074642801657e-05
317,244812011,87.77124786376953,,0.00030054591479711235,102.27671813964844,,-1.9702882127603516e-05,84.05145263671875,,-0.00024300221411976963,319.19873046875,,0.000140331729198806,-113.50408935546875,,5.5219810747075826e-05,2.3082332611083984,,0.00015072384849190712
317,244812011,93.73101806640625,,0.003696815110743046,107.08734130859375,,0.0029840064235031605,78.15372467041016,,-0.0036583668552339077,312.59075927734375,,-0.00409871619194746,-114.46221923828125,,-0.0005943625583313406,5.933658123016357,,0.0022488327231258154
317,244812011,96.47254943847656,,0.00025885485229082406,109.22808837890625,,0.00018524796178098768,74.70159912109375,,-0.0003106307121925056,310.9291687011719,,-6.379957630997524e-05,-115.94711303710938,,-0.00014590231876354665,5.6685614585876465,,-0.00017361852223984897
317,244812011,98.60083770751953,,0.0012514136033132672,110.15960693359375,,0.0005477264057844877,73.16679382324219,,-0.0009026885381899774,312.2790222167969,,0.0007936918409541249,-116.98849487304688,,-0.0006127589731477201,3.937333345413208,,-0.0010178379015997052
317,244812011,99.83528900146484,,0.00015615155280102044,110.1312484741211,,-2.577486702648457e-05,73.9561767578125,,0.00011619616998359561,314.5918884277344,,0.0002993801317643374,-117.26803588867188,,3.754096542252228e-05,5.016114711761475,,0.0001843192585511133
317,244812011,102.38903045654297,,0.0014841026859357953,109.63018035888672,,-0.00029163656290620565,75.0228500366211,,0.0006198983755894005,317.980712890625,,0.0019694201182574034,-116.92916870117188,,0.00019693565263878554,4.198858737945557,,-0.0004745445039588958
317,244812011,104.5971450805664,,0.00043472208199091256,111.7298355102539,,0.0004063920641783625,73.64044189453125,,-0.00012187287939013913,314.5508117675781,,-0.0008384013781324029,-120.22463989257812,,-0.0009613248403184116,0.7517695426940918,,-0.00042130195652134717
317,244812011,104.69247436523438,,2.7805077479570173e-05,110.87509155273438,,-0.0002493910724297166,75.02987670898438,,0.0004052624572068453,316.5638427734375,,0.0005871479515917599,-120.22161865234375,,8.805506013231934e-07,1.061176061630249,,9.024618339026347e-05
317,244812011,104.61077880859375,,-9.697231689642649e-06,110.09093475341797,,-8.727508247829974e-05,75.54163360595703,,7.079514034558088e-05,318.2086181640625,,0.000200281705474481,-119.34945678710938,,0.00010015421867137775,-1.9959144592285156,,-0.00026581823476590216
317,244812011,104.5859375,,-1.2926368071930483e-05,109.31852722167969,,-0.0004081038641743362,76.70643615722656,,0.000615073658991605,320.146484375,,0.001023289398290217,-119.10595703125,,0.00012857839465141296,-2.2769508361816406,,-0.00014865322737023234
317,244812011,104.52086639404297,,-1.79550133907469e-05,109.24772644042969,,-8.449417691736016e-06,77.07174682617188,,0.000119533680845052,320.14813232421875,,-8.555036038160324e-05,-119.05282592773438,,9.20029378903564e-06,-2.0499305725097656,,4.035146412206814e-05
317,244812011,104.49144744873047,,-1.8141266991733573e-05,109.27934265136719,,1.9291770513518713e-05,77.44711303710938,,0.00022908768733032048,319.898193359375,,-0.00015260007057804614,-118.86068725585938,,0.00011725961667252705,-2.1210670471191406,,-4.37524686276447e-05
317,244812011,104.48526763916016,,1.982519734156085e-06,109.27734375,,6.144297913124319e-06,77.49078369140625,,-8.301936759380624e-06,319.8105163574219,,-1.992464967770502e-05,-118.28445434570312,,3.477733480394818e-05,-2.8997535705566406,,-8.301936759380624e-05
317,244812011,104.58331298828125,,8.476496441289783e-05,109.3843994140625,,9.255998156731948e-05,77.85540771484375,,0.00031524960650131106,319.1546936035156,,-0.000566910719498992,-118.02200317382812,,0.0002269060059916228,-3.3375892639160156,,-0.0003779404505621642
317,244812011,104.50122833251953,,-1.311314099439187e-05,109.25701904296875,,-2.5721928977873176e-05,78.4433364868164,,4.162082768743858e-05,318.7215576171875,,2.773933556454722e-05,-116.01708984375,,0.00024897235562093556,-3.2099037170410156,,2.984059619848267e-06
317,244812011,104.46074676513672,,-1.6952290025074035e-05,109.17383575439453,,-3.537869270076044e-05,78.56526947021484,,5.1398146752035245e-05,319.1997985839844,,0.0002015963546000421,-115.31256103515625,,0.0002969818015117198,-2.8969154357910156,,0.00013193376071285456
317,244812011,104.43856811523438,,-2.9867749162804103e-06,109.11707305908203,,-4.18148520111572e-05,78.65383911132812,,8.542642899556085e-05,319.8678283691406,,0.0002058385725831613,-114.66766357421875,,0.00022017353330738842,-2.6499671936035156,,2.0330267943791114e-05
317,244812011,104.45111083984375,,3.7945574149489403e-06,108.78755950927734,,-9.941450844053179e-05,79.23322296142578,,0.0001752209645928815,320.7484130859375,,0.0002663171908352524,-113.95590209960938,,0.00021525488409679383,-2.7437477111816406,,-2.8555230528581887e-05
317,244812011,104.55206298828125,,3.090502286795527e-05,108.63510131835938,,-4.1961688111769035e-05,79.52405548095703,,8.252862608060241e-05,321.3882141113281,,0.00021009455667808652,-114.26080322265625,,-0.00010452275455463678,-1.6705360412597656,,0.00040743721183389425
317,244812011,104.70381164550781,,0.0001390791730955243,108.7409439086914,,9.700548980617896e-05,79.35601043701172,,-0.00015384660218842328,321.73016357421875,,0.00031340232817456126,-114.2239990234375,,3.372906212462112e-05,-1.3441200256347656,,0.00029916822677478194
317,244812011,105.09513092041016,,9.630624845158309e-05,109.1657485961914,,0.00011501018889248371,78.68048858642578,,-0.00019302376313135028,322.0901184082031,,7.089379505487159e-05,-114.20367431640625,,-3.662110975710675e-05,-1.5602149963378906,,-8.46863113110885e-05
317,244812011,105.35648345947266,,8.023863483686e-05,109.0865707397461,,-2.4157148800441064e-05,78.6839828491211,,1.0736511057984899e-06,322.75042724609375,,0.00020272712572477758,-114.37435913085938,,-5.260890247882344e-05,-1.7057228088378906,,-4.4556520151672885e-05
317,244812011,105.50495147705078,,1.380506728310138e-05,108.9207534790039,,-2.3221995434141718e-05,78.76052856445312,,-1.1610997717070859e-05,322.9259033203125,,-9.579072502674535e-05,-114.19723510742188,,0.00013952472363598645,-2.6839637756347656,,-0.0006168342079035938
317,244812011,105.62608337402344,,5.2854444220429286e-05,108.59941864013672,,-0.0001403809292241931,78.80303192138672,,1.854599395301193e-05,323.74114990234375,,0.000355720694642514,-114.46395874023438,,-0.00011672978871501982,-3.4502601623535156,,-0.0003341676201671362
317,244812011,105.71200561523438,,2.5890101824188605e-05,108.76197052001953,,6.177567411214113e-05,78.58267974853516,,-5.6473665608791634e-05,323.85784912109375,,-2.6289464585715905e-05,-114.67965698242188,,-3.699998705997132e-05,-3.5370216369628906,,-2.5315779566881247e-05
317,244812011,105.94084930419922,,7.724036549916491e-05,109.15963745117188,,0.0001342214090982452,78.11096954345703,,-0.000159344999701716,323.8475646972656,,-3.5409998417890165e-06,-114.58755493164062,,3.108518285444006e-05,-3.7271156311035156,,-6.432816735468805e-05
317,244812011,106.12550354003906,,9.728346776682884e-05,108.9649887084961,,-9.979209426091984e-05,78.20198822021484,,7.012231071712449e-05,324.7625427246094,,0.0004253487568348646,-114.21139526367188,,7.905028178356588e-05,-3.9122352600097656,,-6.116290023783222e-05
317,244812011,106.27072143554688,,6.336274236673489e-05,108.98909759521484,,1.0520224350329954e-05,78.17512512207031,,-1.144409725384321e-05,324.47979736328125,,-0.000123596255434677,-114.7803955078125,,-0.0002479554386809468,-4.178989410400391,,-0.00011672978871501982
317,244812011,106.29942321777344,,4.762407570524374e-06,109.00678253173828,,6.163115358504001e-06,78.0774917602539,,-3.984236536780372e-05,323.9985046386719,,-0.0002091724018100649,-115.361083984375,,-0.00011355073365848511,-4.720920562744141,,-0.00022112512669991702
317,244812011,106.2999267578125,,1.62203477316325e-07,108.68639373779297,,-0.00010268796177115291,78.08402252197266,,2.0954935280315112e-06,324.1273193359375,,4.133996844757348e-05,-115.5086669921875,,-4.7135454224189743e-05,-5.044071197509766,,-0.00010381023457739502
317,244812011,106.3996810913086,,2.8741371352225542e-05,108.34780883789062,,-6.027224299032241e-05,78.44689178466797,,9.345118451165035e-05,325.0962219238281,,0.0002410770539427176,-115.85687255859375,,-0.00010604863200569525,-4.708683013916016,,0.00013510219287127256
317,244812011,106.57609558105469,,0.0001824814680730924,108.99878692626953,,0.0006733826012350619,77.85265350341797,,-0.000614959979429841,324.1168212890625,,-0.0010128752328455448,-116.43936157226562,,-0.00060229905648157,-4.225772857666016,,0.0004995299968868494
317,244812011,106.62482452392578,,-1.1912516129086725e-05,109.76712036132812,,0.0001236938696820289,77.2054672241211,,-8.2304650277365e-05,322.44775390625,,-0.000292398122837767,-117.08270263671875,,-0.0001017978647723794,-4.020542144775391,,4.717732736025937e-05
317,244812011,106.43585968017578,,-0.00018637235916685313,109.38141632080078,,-0.0003813730727415532,77.89282989501953,,0.000678377051372081,322.52703857421875,,7.824834756320342e-05,-117.24456787109375,,-0.00016048729594331235,-2.5001258850097656,,0.0015005399473011494
317,244812011,105.9757308959961,,-9.484259499004111e-05,108.74266052246094,,-0.0001331832172581926,78.99308013916016,,0.00023510826576966792,322.65423583984375,,0.00010516870679566637,-117.127197265625,,-1.1098601135017816e-05,-0.8461341857910156,,0.00031287226011045277
317,244812011,105.71501159667969,,-8.033172343857586e-05,108.48406219482422,,-7.979258225532249e-05,79.42894744873047,,0.0001343951589660719,322.6790771484375,,7.657459718757309e-06,-117.06845092773438,,1.811591391742695e-05,-0.20816421508789062,,0.00019671086920425296
317,244812011,105.31713104248047,,-0.0001188342648674734,108.16534423828125,,-9.05964188859798e-05,79.99161529541016,,0.00015980303578544408,322.5260314941406,,-3.765046130865812e-05,-116.8221435546875,,5.634700210066512e-05,0.1523284614086151,,0.00011854164040414616
317,244812011,105.28833770751953,,-3.1201550882542506e-05,108.30255889892578,,0.0001530369045212865,80.0262222290039,,3.8590587791986763e-05,322.27178955078125,,-0.0002827640564646572,-116.92013549804688,,-0.00010920542990788817,0.19818609952926636,,5.114405939821154e-05
317,244812011,105.37149047851562,,6.478980481006147e-07,108.65284729003906,,2.1516085325856693e-05,79.8453598022461,,-1.2136237273807637e-05,321.8825378417969,,-1.560373311804142e-05,-117.0867919921875,,4.2440709080437955e-07,0.19543512165546417,,1.334824992227368e-05
317,244812011,105.40432739257812,,2.186150049965363e-05,108.49002075195312,,-0.00010825262143043801,79.98953247070312,,9.59759927354753e-05,322.57183837890625,,0.00045887325541116297,-116.82510375976562,,0.00017420997028239071,1.2262599468231201,,0.0006862267618998885
317,244812011,105.45362091064453,,1.3464695257425774e-05,108.38359069824219,,-2.136231523763854e-05,80.01777648925781,,1.1208659088879358e-05,322.6799621582031,,9.536747711536009e-06,-116.99713134765625,,-5.798342317575589e-05,1.2924103736877441,,2.8935273803654127e-06
317,244812011,105.38457489013672,,-6.476611451944336e-05,108.30241394042969,,-7.63907955843024e-05,80.05376434326172,,3.417994957999326e-05,322.3627014160156,,-0.00030058115953579545,-117.291259765625,,-0.00027899249107576907,1.1869637966156006,,-9.964017226593569e-05
317,244812011,104.7445297241211,,-0.00011850312876049429,107.76763153076172,,-9.954263077815995e-05,80.5691909790039,,8.846382115734741e-05,322.0731506347656,,-7.110188016667962e-05,-117.18081665039062,,7.747965355520137e-06,1.3741999864578247,,1.8430606360198e-05
317,244812011,104.05767822265625,,-0.0004525742260739207,106.89926147460938,,-0.0005723393987864256,81.42511749267578,,0.0005637159338220954,322.4214782714844,,0.00022941798670217395,-117.0655517578125,,7.591486064484343e-05,1.967480182647705,,0.0003907368809450418
317,244812011,103.66006469726562,,-7.32422195142135e-05,106.45014953613281,,-6.484987534349784e-05,81.74974060058594,,4.108549910597503e-05,322.71368408203125,,7.641318916284945e-06,-117.83013916015625,,-0.00016479498299304396,3.131126642227173,,0.00017916670185513794
317,244812011,103.52374267578125,,-8.257501758635044e-05,106.08221435546875,,-0.00022231736511457711,82.05272674560547,,0.00018344490672461689,323.2518615722656,,0.0003258504148107022,-117.7667236328125,,3.8392754504457116e-05,3.5081968307495117,,0.00022829878435004503
317,244812011,103.40239715576172,,-4.341837848187424e-05,106.09040069580078,,3.000701872224454e-05,81.92324829101562,,-8.683675696374848e-05,322.89019775390625,,-0.00025291205383837223,-117.563232421875,,0.00011293018906144425,3.1763532161712646,,-0.0002301174245076254
317,244812011,103.34886932373047,,-1.8639744666870683e-05,106.22372436523438,,4.584775888361037e-05,81.75355529785156,,-5.83243636356201e-05,322.22418212890625,,-0.0002290884731337428,-116.805908203125,,0.00026043030084110796,2.544875144958496,,-0.00021706282859668136
317,244812011,103.25971221923828,,6.223210220923647e-06,106.02583312988281,,2.3462825993192382e-06,82.01103210449219,,2.4945804398157634e-05,322.6273193359375,,-7.457259926013649e-05,-116.27655029296875,,1.1853229807456955e-05,2.066161632537842,,-0.0001871094136731699
317,244812011,103.20296478271484,,-6.195931928232312e-05,105.910400390625,,-0.0001277910778298974,82.18623352050781,,0.00019400859309826046,322.5584411621094,,-7.551292219432071e-05,-116.42642211914062,,-0.00016651565965730697,2.0737102031707764,,8.358731065527536e-06
317,244812011,103.17631530761719,,-3.0517592222167877e-06,105.94617462158203,,1.758039798005484e-05,82.25006103515625,,5.993249487801222e-06,322.5169372558594,,7.4386630330991466e-06,-116.49224853515625,,-4.577638719638344e-06,2.2355170249938965,,4.8385489208158106e-05
317,244812011,103.19783020019531,,2.530295205360744e-05,105.96157836914062,,1.8121732864528894e-05,82.343994140625,,0.00011047349107684568,322.8117370605469,,0.0003466905909590423,-116.89422607421875,,-0.00047296436969190836,2.8113770484924316,,0.0006772432825528085
317,244812011,103.32064056396484,,2.4647577447467484e-05,106.56781005859375,,0.00010353553079767153,81.89566040039062,,-9.182406211039051e-05,322.3176574707031,,-0.00010595083585940301,-117.31735229492188,,-6.357050006045029e-05,2.7077741622924805,,-4.7270375944208354e-05
317,244812011,103.62196350097656,,0.0002127342449966818,107.24287414550781,,0.0004766026686411351,81.17506408691406,,-0.0005086024757474661,321.6314392089844,,-0.00048391305608674884,-117.33444213867188,,-1.2344720744295046e-05,2.4807891845703125,,-0.0001604813733138144
317,244812011,102.67037200927734,,-0.0005062805721536279,106.25053405761719,,-0.00043824914610013366,82.30481719970703,,0.0007134959450922906,321.3746032714844,,7.532406743848696e-05,-114.76242065429688,,0.0005895647336728871,3.3670358657836914,,0.0004719674470834434
317,244812011,106.712890625,,0.0017638810677453876,105.19195556640625,,-0.0004615785728674382,77.24971008300781,,-0.0022056589368730783,328.6795959472656,,0.0031874075066298246,-116.60214233398438,,-0.0008026126306504011,0.16469742357730865,,-0.0013969427673146129
317,244812011,106.35823059082031,,-0.00016905937809497118,107.9296646118164,,0.0015115787973627448,72.44100189208984,,-0.002674646908417344,321.00311279296875,,-0.004594906698912382,-114.37579345703125,,0.0016074845334514976,-3.6680774688720703,,-0.0023460974916815758
317,244812011,105.3019790649414,,-0.0006905109039507806,111.2635498046875,,0.0021797732915729284,64.94384002685547,,-0.004902170039713383,313.64373779296875,,-0.004811854567378759,-104.74859619140625,,0.006294494494795799,-3.4755420684814453,,0.00012588436948135495
317,244812011,103.01487731933594,,-0.0011966334423050284,112.73902893066406,,0.00020668910292442888,60.669673919677734,,-0.0007369624217972159,310.7898864746094,,-0.00027543038595467806,-98.3780517578125,,0.0006935992860235274,-2.4586963653564453,,-0.00016563043755013496
317,244812011,96.5066146850586,,-0.001897141570225358,114.09626007080078,,0.0003956446598749608,55.78361511230469,,-0.0014241304015740752,310.6273193359375,,-4.740305303130299e-05,-113.52572631835938,,-0.004415620118379593,-1.8048572540283203,,0.00019059939950238913
317,244812011,91.79451751708984,,-0.0008012408507056534,110.79544067382812,,-0.0010163321858271956,60.35327911376953,,0.0019144469406455755,311.1474304199219,,0.00036521253059618175,-122.49734497070312,,-0.0006993018323555589,-6.503618240356445,,-0.0010713792871683836
317,244812011,87.39448547363281,,-0.0029716871213167906,107.36788940429688,,-0.0023149868939071894,67.22554016113281,,0.004642154090106487,311.9243469238281,,0.0005248029483482242,-118.56381225585938,,0.002657067496329546,-4.88780403137207,,0.001091468264348805
317,244812011,91.43793487548828,,0.00327505124732852,113.12918853759766,,0.0038867900148034096,56.339393615722656,,-0.007830970920622349,310.0833740234375,,-4.297109626349993e-05,-102.32131958007812,,0.012467860244214535,-3.5400867462158203,,-0.0009044392500072718
317,244812011,100.23075103759766,,0.002620034385472536,120.48251342773438,,0.0021911030635237694,42.834197998046875,,-0.004024333320558071,315.7616271972656,,0.001691969227977097,-92.55929565429688,,0.002908832160755992,1.1652741432189941,,0.0014020770322531462
317,244812011,108.28112030029297,,0.0017531465273350477,125.99988555908203,,0.00039934535743668675,38.064449310302734,,0.00037818908458575606,318.4742126464844,,0.0014948321040719748,-87.82296752929688,,0.00032738683512434363,0.49708092212677,,-0.0012896399712190032
317,244812011,110.25775909423828,,0.0011589459609240294,125.57070922851562,,-0.0002511743223294616,41.50727081298828,,0.002018603263422847,318.65289306640625,,0.00010476275201654062,-88.39605712890625,,-0.00033626603544689715,0.9196596741676331,,0.0002477673697285354
317,244812011,106.87320709228516,,-0.0014857719652354717,120.64199829101562,,-0.002157345414161682,47.93054962158203,,0.0026843876112252474,318.7934265136719,,0.0010737067786976695,-105.46780395507812,,-0.004533682018518448,1.6089574098587036,,0.0008178913267329335
317,244812011,97.82990264892578,,-0.005412458907812834,113.80743408203125,,-0.004090738948434591,57.93695831298828,,0.005988824646919966,320.0667419433594,,0.0007620754186064005,-109.68289184570312,,-0.0025230932515114546,3.6166932582855225,,0.0012016277760267258
317,244812011,88.90328216552734,,-0.0026321953628212214,110.38540649414062,,-0.001444051624275744,60.23000717163086,,0.001707620918750763,319.63165283203125,,0.0009488298674114048,-112.70263671875,,-0.0005246111541055143,1.262170433998108,,9.951317042578012e-05
317,244812011,84.76268768310547,,-0.002467193640768528,108.98626708984375,,-0.0008335114107467234,63.502071380615234,,0.001949712517671287,317.3061218261719,,-0.0013857126468792558,-103.47589111328125,,0.005497906822711229,-6.139504432678223,,-0.004410317167639732
317,244812011,92.47371673583984,,0.002666385378688574,113.11097717285156,,0.001372816041111946,56.631099700927734,,-0.00254821521230042,316.7443542480469,,-0.0004614790086634457,-95.67843627929688,,0.0025268897879868746,0.6325597763061523,,0.003230449976399541
317,244812011,102.20567321777344,,0.003221274120733142,117.33746337890625,,0.001398962689563632,49.858150482177734,,-0.002242123940959573,318.7188415527344,,0.0006535579450428486,-91.38250732421875,,0.001421950408257544,6.56852912902832,,0.00196480262093246
317,244812011,111.49431610107422,,0.0023383053485304117,121.46324157714844,,0.0011485840659588575,46.4895133972168,,-0.0011517128441482782,318.3631591796875,,-0.00043223751708865166,-86.59033203125,,0.0010016585001721978,4.544357776641846,,-0.0008976178360171616
317,244812011,113.06803894042969,,0.00048798887291923165,121.7224349975586,,8.037593943299726e-05,47.638187408447266,,0.00035618714173324406,318.21014404296875,,-4.771301610162482e-05,-84.47463989257812,,0.0006560455076396465,4.742093563079834,,6.131497502792627e-05
317,244812011,106.55384063720703,,-0.0013122564414516091,118.23957824707031,,-0.0009536747238598764,50.943477630615234,,0.0011532475473359227,320.7236022949219,,0.0010652070632204413,-99.17941284179688,,-0.002864839043468237,3.665142297744751,,-0.0002883912529796362
317,244812011,96.17455291748047,,-0.006259290501475334,111.69456481933594,,-0.003946853801608086,59.94172286987305,,0.005426454357802868,326.59844970703125,,0.003542862832546234,-101.99896240234375,,-0.0017008483409881592,3.378596782684326,,-0.00017293187556788325
317,244812011,85.63908386230469,,-0.003846412058919668,109.47317504882812,,-0.000687289924826473,61.93825912475586,,0.0006074546254239976,321.7685241699219,,-0.001667582313530147,-104.40924072265625,,-0.0019159713992848992,-2.832064628601074,,-0.0032097646035254
317,244812011,83.32268524169922,,-0.0022505084052681923,107.09976196289062,,-0.0023048603907227516,64.40288543701172,,0.00239410437643528,322.5044860839844,,0.0007149080047383904,-101.50369262695312,,0.0028224110137671232,-4.739138603210449,,-0.0018530602101236582
317,244812011,88.2035903930664,,0.0009178667096421123,107.85116577148438,,0.0002581801381893456,63.220787048339844,,-0.00022416053980123252,323.77960205078125,,-0.00015873568190727383,-90.83413696289062,,0.0022252409253269434,-0.10205364227294922,,0.0012584535870701075
317,244812011,100.9499740600586,,0.008983924984931946,115.03358459472656,,0.005062320735305548,52.68858337402344,,-0.007422748487442732,319.59173583984375,,-0.0029515991918742657,-83.96560668945312,,0.004841091111302376,2.245506763458252,,0.0016546110855415463
317,244812011,110.89576721191406,,0.001143754692748189,120.29798126220703,,0.00043740859837271273,45.29490661621094,,-0.0005231748218648136,319.1897888183594,,8.547247853130102e-05,-83.18453979492188,,4.041142801725073e-06,6.017899990081787,,-6.445685721701011e-05
317,244812011,112.70852661132812,,0.0015249049756675959,120.66229248046875,,0.0003064587654080242,45.44820022583008,,0.00012895134568680078,318.98834228515625,,-0.00016915042942855507,-81.56591796875,,0.0013615977950394154,5.586079120635986,,-0.00036330570583231747
317,244812011,107.3763656616211,,-0.0008218995062634349,118.4780044555664,,-0.0005790279246866703,48.25875473022461,,0.0008387629059143364,319.03778076171875,,0.00034718733513727784,-95.252197265625,,-0.0018723190296441317,2.1009445190429688,,-0.0003356043598614633
317,244812011,96.61222839355469,,-0.008175239898264408,110.5639419555664,,-0.006010580807924271,59.54916763305664,,0.00857509858906269,328.5613708496094,,0.00723318150267005,-98.15771484375,,-0.0022071553394198418,4.880630970001221,,0.0021111785899847746
317,244812011,87.33184051513672,,-0.0026503491681069136,108.83380126953125,,-0.001830763416364789,61.759307861328125,,0.0029406636022031307,324.1393127441406,,0.0006393701769411564,-103.24884033203125,,-0.0024055379908531904,-0.5923125743865967,,-0.0019946806132793427
317,244812011,83.04631042480469,,-0.0018699654610827565,102.47018432617188,,-0.002776338020339608,71.07637786865234,,0.004065339919179678,330.22137451171875,,0.0026538025122135878,-99.69525146484375,,0.001550546963699162,-6.250821113586426,,-0.0024688730482012033
317,244812011,88.08998107910156,,0.0014023683033883572,106.34954071044922,,0.000769803358707577,64.39189147949219,,-0.0013932253932580352,323.4945068359375,,-0.000781673879828304,-93.13775634765625,,0.0004203851567581296,0.19983196258544922,,0.0008102027350105345
317,244812011,98.38770294189453,,0.006709411274641752,113.3421859741211,,0.004556012339890003,52.8051643371582,,-0.007549758534878492,317.9586181640625,,-0.003606840968132019,-84.51412963867188,,0.005618666764348745,5.705946922302246,,0.003587472951039672
317,244812011,108.13322448730469,,0.0012662950903177261,119.36820220947266,,0.0006642161752097309,42.058349609375,,-0.0013587307184934616,318.96417236328125,,0.0004669869667850435,-78.97201538085938,,0.0005863566184416413,3.423219680786133,,-0.00035236452822573483
317,244812011,113.58894348144531,,0.0032832310535013676,121.1435546875,,0.0010684039443731308,40.683834075927734,,-0.0008270750404335558,319.763671875,,0.0004811286926269531,-79.19931030273438,,-0.00013679357653018087,5.439996719360352,,0.0012136893346905708
317,244812011,110.8812026977539,,-0.0007286075269803405,121.01213073730469,,-3.814698629867053e-06,39.940975189208984,,-0.00022583018289878964,320.5498352050781,,2.1910676878178492e-05,-85.4564208984375,,-0.001380921108648181,2.2100322246551514,,-0.0008461002726107836
317,244812011,102.63912200927734,,-0.005522938445210457,115.55828094482422,,-0.003654231084510684,49.071022033691406,,0.006117598153650761,323.33544921875,,0.0018665107199922204,-95.1165771484375,,-0.006473108660429716,7.354867458343506,,0.0034473021514713764
317,244812011,91.1399154663086,,-0.002626038622111082,107.77648162841797,,-0.002040863735601306,63.447486877441406,,0.003459581872448325,324.165771484375,,0.0004928114358335733,-97.11795043945312,,0.0008170578512363136,0.955502986907959,,-0.0032775893341749907
317,244812011,85.90992736816406,,-0.00507100485265255,101.64492797851562,,-0.005945842247456312,70.6838150024414,,0.0070165470242500305,331.0151672363281,,0.006641361862421036,-100.0574951171875,,-0.0028500028420239687,0.5811854004859924,,-0.0003628201375249773
317,244812011,83.87782287597656,,0.00012279622023925185,101.3475570678711,,0.00020009520812891424,71.3683090209961,,-0.00031966983806341887,326.9634704589844,,-0.0008013491751626134,-96.34237670898438,,0.00039342656964436173,2.746434211730957,,0.00015162811905611306
317,244812011,86.48773956298828,,0.0027693435549736023,105.34444427490234,,0.004241038579493761,65.24136352539062,,-0.006501099560409784,321.15789794921875,,-0.006159717217087746,-92.940673828125,,0.0036094922106713057,5.039478302001953,,0.0024331139866262674
317,244812011,93.85240936279297,,0.0014591533690690994,111.33666229248047,,0.00042697408935055137,57.41422653198242,,-0.0003357224049977958,314.0633239746094,,1.5832190911169164e-05,-77.36959838867188,,0.0040568201802670956,8.06089973449707,,-6.945980567252263e-05
317,244812011,102.77284240722656,,0.009413819760084152,112.8363265991211,,0.001582609722390771,56.356903076171875,,-0.00111636973451823,318.8438720703125,,0.005044941790401936,-73.98507690429688,,0.0035717200953513384,4.191929817199707,,-0.004083514213562012
317,244812011,110.49147033691406,,0.0009017126867547631,119.45081329345703,,0.0013671652413904667,43.81427001953125,,-0.0029227782506495714,318.23590087890625,,-0.0004860098706558347,-76.50286865234375,,0.00024289556313306093,9.675936698913574,,0.002728473162278533
317,244812011,109.2098617553711,,-0.0014914573403075337,120.87236785888672,,0.0016542356461286545,40.00395202636719,,-0.004433677066117525,318.39404296875,,0.00018404770526103675,-83.40487670898438,,-0.008031080476939678,6.187137126922607,,-0.004059286788105965
317,244812011,100.81239318847656,,-0.0023526549339294434,115.14155578613281,,-0.0015628492692485452,48.578407287597656,,0.0027840794064104557,321.05950927734375,,0.00029249500948935747,-93.69500732421875,,-0.001806397456675768,0.3423888087272644,,-0.0006892313249409199
317,244812011,86.42252349853516,,-0.004455556161701679,109.29627227783203,,-0.001809832756407559,58.80695343017578,,0.0031669652089476585,318.7074279785156,,-0.0007281558937393129,-87.51235961914062,,0.0019142725504934788,-1.1045162677764893,,-0.00044772110413759947
317,244812011,80.2416000366211,,-0.0010246323654428124,103.71893310546875,,-0.0038392851129174232,65.29841613769531,,0.004362065345048904,324.1881103515625,,0.005309461150318384,-89.34793090820312,,0.0009320048848167062,-3.4002926349639893,,-0.000652225804515183
317,244812011,82.26844024658203,,0.000630618364084512,102.68914794921875,,-0.0003204317472409457,66.14910125732422,,0.00026467538555152714,326.3851013183594,,0.0006835611420683563,-89.36849975585938,,-6.528321137011517e-06,-2.0674374103546143,,0.00041469669668003917
317,244812011,91.6030044555664,,0.001597833470441401,107.78655242919922,,0.0011291677365079522,60.92985916137695,,-0.0010993096511811018,321.8028259277344,,-0.001118814805522561,-88.58880615234375,,0.00010101223597303033,-1.3504574298858643,,-0.00041428912663832307
317,244812011,100.55314636230469,,0.0039052355568856,116.35356140136719,,0.003738062223419547,48.67351531982422,,-0.0053482078947126865,316.32763671875,,-0.0023887644056230783,-82.4869384765625,,0.0026624423917382956,-1.6173336505889893,,-0.00011672978871501982
317,244812011,108.42304229736328,,0.0014990917406976223,121.4964828491211,,0.0010981441009789705,40.16045379638672,,-0.002441700780764222,319.1249694824219,,0.0003228374698664993,-82.72198486328125,,0.00019776776025537401,0.4336012601852417,,0.0006626025424338877
317,244812011,110.26930236816406,,0.0005705602816306055,124.07275390625,,0.0007961603114381433,33.874427795410156,,-0.0019425916252657771,319.1571044921875,,9.929102816386148e-06,-83.919677734375,,-0.0003701461246237159,0.5525028705596924,,3.674495019367896e-05
317,244812011,103.56383514404297,,-0.0020525839645415545,115.5570068359375,,-0.0026848718989640474,47.82072830200195,,0.00448952941223979,320.0351257324219,,0.0010098315542563796,-91.6644287109375,,-0.001438062870875001,-4.551941394805908,,-0.000749339465983212
317,244812011,93.5770263671875,,-0.01136220246553421,109.21361541748047,,-0.007216749247163534,57.75373077392578,,0.011300095357000828,320.1597595214844,,0.00014179131540004164,-92.64553833007812,,-0.0011159306159242988,-4.012970447540283,,0.0006131500122137368
317,244812011,80.43325805664062,,-0.0021806363947689533,106.2243423461914,,-0.0006995068397372961,63.27924346923828,,0.0014060547109693289,315.26300048828125,,-0.0005362886004149914,-91.17462158203125,,-0.00036496008397080004,-0.4089031219482422,,3.415033279452473e-05
317,244812011,79.04072570800781,,-0.00047191057819873095,103.61128997802734,,-0.0008857216453179717,67.53919219970703,,0.0014443694381043315,318.71026611328125,,0.0011688179802149534,-88.169677734375,,0.001018851762637496,-0.9152812957763672,,-0.00017192722589243203
317,244812011,89.34761047363281,,0.00468455208465457,107.9267807006836,,0.0024557490833103657,63.557464599609375,,-0.003148329444229603,315.82196044921875,,-0.0018372030463069677,-87.12857055664062,,-0.00020787568064406514,0.7770628929138184,,-0.0010022162459790707
317,244812011,100.48835754394531,,0.012433973141014576,117.23506164550781,,0.010388794355094433,48.103946685791016,,-0.017247343435883522,313.6171875,,-0.002460839692503214,-84.08615112304688,,0.003395584411919117,0.20870928466320038,,-0.0006342370179481804
317,244812011,110.30661010742188,,0.0013495340244844556,126.39292907714844,,0.0012523347977548838,31.322872161865234,,-0.0024462088476866484,319.6973876953125,,0.0011938351672142744,-87.69317626953125,,-0.0007162322872318327,0.29509633779525757,,0.00022748617629986256
317,244812011,113.74118041992188,,0.0020503925625234842,135.0678253173828,,0.005178803578019142,11.795721054077148,,-0.01165770459920168,329.0583190917969,,0.005588359199464321,-86.74826049804688,,0.0005641024908982217,2.6337780952453613,,0.0013961627846583724
317,244812011,108.0795669555664,,-0.0017842864617705345,126.05792999267578,,-0.0023728813976049423,27.52771759033203,,0.004315491765737534,325.1368408203125,,-0.0009840750135481358,-93.37399291992188,,-0.002719793701544404,0.8957370519638062,,-0.000875375815667212
317,244812011,99.19255065917969,,-0.0030040161218494177,114.32646942138672,,-0.003964970353990793,47.40211868286133,,0.006717435084283352,326.0923767089844,,0.0003229682915844023,-98.33334350585938,,-0.0016760553698986769,-1.8875706195831299,,-0.0009408604237250984
317,244812011,85.02092742919922,,-0.005316444206982851,106.50041961669922,,-0.001929800258949399,60.088802337646484,,0.003590646432712674,324.25634765625,,-0.00048158701974898577,-96.61907958984375,,0.0013578280340880156,-0.6737034320831299,,0.0010448755929246545
317,244812011,78.34139251708984,,-0.0040480210445821285,106.34033966064453,,-9.749160381034017e-05,63.399192810058594,,0.0020062567200511694,319.08648681640625,,-0.0031335074454545975,-87.63723754882812,,0.005443423520773649,1.118272066116333,,0.001086022355593741
317,244812011,84.488037109375,,0.0023383607622236013,106.55579376220703,,0.00015020015416666865,63.709999084472656,,-0.00022484982036985457,319.4536437988281,,0.00047798603191040456,-85.66046142578125,,-0.00025848118821159005,4.557474613189697,,0.0005262523191049695
317,244812011,98.49365997314453,,0.0061111063696444035,117.05825805664062,,0.004582565277814865,49.069828033447266,,-0.006388094741851091,316.419921875,,-0.0013237005332484841,-86.02557373046875,,-0.0001594544155523181,2.7119410037994385,,-0.0008049014722928405
317,244812011,105.3907470703125,,0.000863837543874979,121.4554214477539,,0.0006597283645533025,41.62980651855469,,-0.0011843722313642502,319.7319641113281,,0.00042721020872704685,-85.03439331054688,,0.0001820191100705415,0.23417386412620544,,-0.00017319971811957657
317,244812011,110.961181640625,,0.0031006785575300455,123.07026672363281,,0.0008988748304545879,37.0938835144043,,-0.00252470257692039,326.94464111328125,,0.00401478772982955,-90.46542358398438,,-0.003023024881258607,1.5865185260772705,,0.0007527572452090681
317,244812011,106.50425720214844,,-0.003856087103486061,119.18724060058594,,-0.0035821895580738783,41.19573974609375,,0.004593574441969395,326.0711975097656,,-0.0008588646305724978,-94.008544921875,,-0.003910866566002369,-0.00578618049621582,,-0.002095316769555211
317,244812011,95.6125717163086,,-0.004752351902425289,107.63410949707031,,-0.005040742922574282,59.49716567993164,,0.00798550620675087,328.3616943359375,,0.0009994272841140628,-99.83059692382812,,-0.0025405895430594683,0.9308638572692871,,0.0004086908302269876
317,244812011,84.97091674804688,,-0.0023063942790031433,98.3818588256836,,-0.0015018107369542122,73.02352142333984,,0.002525618765503168,329.0933532714844,,-0.000246565934503451,-96.76931762695312,,0.00037806102773174644,-3.0504519939422607,,-0.0017106248997151852
317,244812011,74.65271759033203,,-0.003401592606678605,96.09115600585938,,-0.0007551408489234746,80.96322631835938,,0.0026175102684646845,322.244140625,,-0.002257928717881441,-91.3958740234375,,0.0017714804271236062,-0.7880620956420898,,0.0007458498585037887
317,244812011,80.83143615722656,,0.004107987508177757,100.31641387939453,,0.00225201272405684,74.14656829833984,,-0.00383954681456089,315.4095764160156,,-0.0028767851181328297,-89.471435546875,,0.0005194701952859759,1.5595036745071411,,0.0013919275952503085
317,244812011,94.75511932373047,,0.004251695238053799,105.81507873535156,,0.0016790563240647316,64.71087646484375,,-0.0028810626827180386,318.6495056152344,,0.0009893308160826564,-86.28192138671875,,0.0009739407687447965,-0.0018218755722045898,,-0.00047679556882940233
317,244812011,105.2889175415039,,0.0018008003244176507,112.70585632324219,,0.000727323698811233,56.94975280761719,,-0.0006842868169769645,317.2628479003906,,0.0007352700922638178,-86.40008544921875,,-0.00018910800281446427,-1.8025941848754883,,0.00039295709575526416
317,244812011,115.06248474121094,,0.0030305252876132727,114.38755798339844,,0.000521451176609844,53.65388488769531,,-0.0010219948599115014,325.5660705566406,,0.0025746156461536884,-93.86038208007812,,-0.002313449513167143,11.107564926147461,,0.004003098234534264
317,244812011,120.18949127197266,,0.0015792612684890628,107.1107177734375,,-0.0028187097050249577,64.19525146484375,,0.003997464664280415,346.24005126953125,,0.0073141977190971375,-94.19400024414062,,0.0005921191768720746,9.243577003479004,,-0.0034561792854219675
317,244812011,121.56451416015625,,0.00041395353036932647,101.94744110107422,,-0.00155444978736341,77.16852569580078,,0.0039056194946169853,354.641845703125,,0.0025293694343417883,-94.60269165039062,,-0.00012317685468588024,3.0276503562927246,,-0.001871340675279498
317,244812011,119.09638214111328,,-0.0004577638756018132,96.78105926513672,,-0.0005386355333030224,79.62446594238281,,-0.0012535100104287267,360.0,,0.0,-92.94619750976562,,-6.332399789243937e-05,10.364831924438477,,0.002367419423535466
317,244812011,120.34156799316406,,0.00038177549140527844,98.70084381103516,,0.0005886101862415671,75.71084594726562,,-0.001199795282445848,360.0,,0.0,-94.49942016601562,,-0.00047605816507712007,8.677202224731445,,-0.0005173379904590547
317,244812011,123.51942443847656,,0.00036170240491628647,102.41217803955078,,0.0003613944281823933,73.25137329101562,,-0.00044066502596251667,360.0,,0.0,-96.39529418945312,,-6.264355033636093e-05,8.925596237182617,,0.00038628646871075034
317,244812011,124.42525482177734,,0.0006547478260472417,102.9014663696289,,0.00035366317024454474,71.60150146484375,,-0.0011930824257433414,360.0,,0.0,-92.57589721679688,,0.0027607062365859747,11.478068351745605,,0.0018449588678777218
317,244812011,124.84552001953125,,0.00020416385086718947,103.48118591308594,,0.0003182508808095008,69.1606674194336,,-0.0009045758633874357,360.0,,0.0,-85.70162963867188,,0.0015198217006400228,3.3707358837127686,,-0.0016237417003139853
317,244812011,126.63963317871094,,0.0007828298839740455,104.67478942871094,,0.0005208076909184456,66.11007690429688,,-0.0013313299277797341,360.0,,0.0,-85.94967651367188,,-0.00010833745182026178,3.2023093700408936,,-7.32422195142135e-05
317,244812011,128.1656036376953,,0.00042609783122316003,105.1508560180664,,0.00010853890853468329,67.99163055419922,,0.0008970051421783864,360.0,,0.0,-88.78363037109375,,-0.0010190395405516028,10.914422035217285,,0.002583399647846818
317,244812011,129.6251678466797,,0.0006368520553223789,104.35516357421875,,-0.00034713762579485774,71.7824935913086,,0.001654077204875648,360.0,,0.0,-90.4796142578125,,-0.0007400516187772155,13.352007865905762,,0.0010635980870574713
317,244812011,130.99984741210938,,0.00035056087654083967,103.400390625,,-8.02547947387211e-05,71.65558624267578,,-0.00020866247359663248,360.0,,0.0,-83.43276977539062,,0.001361630274914205,9.85628890991211,,-0.00044006379903294146
317,244812011,131.7869873046875,,0.0003434540412854403,103.7359619140625,,0.0001464218512410298,71.03471374511719,,-0.0002708436513785273,360.0,,0.0,-85.14093017578125,,-0.0007453921716660261,18.881389617919922,,0.003937945235520601
317,244812011,132.2880401611328,,-1.7361044228891842e-05,103.76952362060547,,-8.7962624093052e-05,71.98340606689453,,0.00043743502465076745,360.0,,0.0,-89.1832275390625,,-0.0005925903096795082,24.34539031982422,,0.0004404031205922365
317,244812011,132.13172912597656,,-5.0194081268273294e-05,103.30379486083984,,-0.0001500182697782293,72.82955169677734,,0.0002729192783590406,360.0,,0.0,-91.34207153320312,,-0.0006965133361518383,26.328937530517578,,0.0006397828692570329
